Model,R2,MAE,MSE,RMSE
Linear Regression,0.4032421576668749,4.54465483244335,66.65481575311706,8.164240059743287
Random Forest,0.5938826713425425,3.054982625612554,45.36124001316425,6.735075353191251
XGBoost,0.6747292617489482,2.944171845115848,36.33108706747658,6.02752744228316
